sep=;
Time (s);C=>6 R=>software revision level/none;C=>6 R=>faults/none;C=>6 R=>controller temperature/deg C;C=>6 R=>vehicle speed/km/hr;C=>6 R=>motor temperature/deg C;C=>6 R=>motor current/Amps;C=>6 R=>motor rpm/RPM;C=>6 R=>motor speed/% of rated rpm;C=>6 R=>battery voltage/Volts;C=>6 R=>battery current/Amps;C=>6 R=>battery state of charge/%;C=>6 R=>battery power/Watts;C=>6 R=>faults2/none;C=>6 R=>motor input power/W;C=>6 R=>last fault2/none;C=>6 R=>user access level/none
0.0399419;5.838;0;39;2.5625;0;32.4375;266;14.4287109375;71.75;2.96875;100;215;0;202;0;0
0.309991;5.838;0;39;2.5625;0;32.4375;266;14.4287109375;71.75;2.96875;100;215;0;202;0;0
0.4401645;5.838;0;39;2.55859375;0;32.4375;266;14.4287109375;71.75;2.96875;100;215;0;202;0;0
0.5699723;5.838;0;39;2.55859375;0;32.4375;266;14.4287109375;71.75;2.96875;100;215;0;205;0;0
0.7099406;5.838;0;39;2.55859375;0;32.4375;266;14.4287109375;71.75;2.96875;100;215;0;205;0;0
0.8499405;5.838;0;39;2.55859375;0;32.34375;267;14.4287109375;71.75;2.96875;100;215;0;205;0;0
0.9801469;5.838;0;39;2.5546875;0;32.34375;266;14.3798828125;71.75;2.96875;100;215;0;205;0;0
1.1199412;5.838;0;39;2.56640625;0;32.34375;266;14.3798828125;71.75;2.96875;100;215;0;205;0;0
1.2500556;5.838;0;39;2.5546875;0;32.34375;266;14.3798828125;71.75;3;100;215;0;205;0;0
1.3800534;5.838;0;39;2.5546875;0;32.34375;266;14.3798828125;71.8125;3;100;215;0;205;0;0
1.5201343;5.838;0;39;2.5546875;0;32.34375;266;14.3798828125;71.8125;3;100;215;0;205;0;0
1.6501277;5.838;0;39;2.5546875;0;32.34375;266;14.3798828125;71.8125;3;100;215;0;205;0;0
1.8199626;5.838;0;39;2.55859375;0;32.34375;265;14.3798828125;71.8125;3;100;215;0;205;0;0
1.9201225;5.838;0;39;2.55859375;0;32.34375;266;14.3798828125;71.8125;3;100;215;0;205;0;0
2.0399601;5.838;0;39;2.55859375;0;32.34375;266;14.3798828125;71.8125;3;100;215;0;205;0;0
2.2001564;5.838;0;39;2.55859375;0;32.34375;267;14.3798828125;71.8125;3;100;215;0;205;0;0
2.3600055;5.838;0;39;2.5546875;0;32.34375;266;14.3798828125;71.8125;3;100;215;0;205;0;0
2.4999424;5.838;0;39;2.5546875;0;32.34375;266;14.3798828125;71.8125;3;100;215;0;205;0;0
2.6301495;5.838;0;39;2.55859375;0;32.34375;266;14.3798828125;71.8125;3;100;215;0;204;0;0
2.7601454;5.838;0;39;2.55859375;0;32.34375;266;14.3798828125;71.8125;3;100;215;0;204;0;0
2.8999999;5.838;0;39;2.55859375;0;32.34375;265;14.3798828125;71.8125;3;100;215;0;204;0;0
3.030149;5.838;0;39;2.5546875;0;32.375;265;14.3310546875;71.8125;3;100;215;0;204;0;0
3.1699837;5.838;0;39;2.54296875;0;32.375;265;14.3310546875;71.8125;3;100;215;0;204;0;0
3.3011517;5.838;0;39;2.55078125;0;32.375;265;14.3310546875;71.8125;2.96875;100;215;0;204;0;0
3.4311327;5.838;0;39;2.55078125;0;32.375;265;14.3310546875;71.8125;2.96875;100;215;0;204;0;0
3.5711371;5.838;0;39;2.55078125;0;32.375;265;14.3310546875;71.8125;2.96875;100;215;0;204;0;0
3.7311171;5.838;0;39;2.5546875;0;32.375;265;14.3310546875;71.8125;2.96875;100;215;0;204;0;0
3.8709238;5.838;0;39;2.54296875;0;32.375;266;14.3310546875;71.8125;2.96875;100;215;0;204;0;0
4.0009784;5.838;0;39;2.5546875;0;32.375;266;14.3310546875;71.8125;2.96875;100;215;0;204;0;0
4.1211019;5.838;0;39;2.5546875;0;32.375;265;14.3310546875;71.8125;2.96875;100;215;0;204;0;0
4.2711118;5.838;0;39;2.54296875;0;32.375;264;14.3310546875;71.8125;2.96875;100;215;0;204;0;0
4.4311068;5.838;0;39;2.55078125;0;32.375;265;14.3310546875;71.8125;2.96875;100;215;0;204;0;0
4.5809256;5.838;0;39;2.5390625;0;32.375;265;14.3310546875;71.8125;2.96875;100;215;0;204;0;0
4.7111287;5.838;0;39;2.55859375;0;32.375;265;14.3310546875;71.8125;2.96875;100;215;0;204;0;0
4.8511049;5.838;0;39;2.55859375;0;32.375;265;14.3310546875;71.8125;2.96875;100;214;0;204;0;0
4.9809233;5.838;0;39;2.55859375;0;32.34375;265;14.306640625;71.8125;2.96875;100;214;0;204;0;0
5.1174381;5.838;0;39;2.54296875;0;32.34375;265;14.306640625;71.8125;2.96875;100;214;0;204;0;0
5.2510898;5.838;0;39;2.54296875;0;32.34375;265;14.306640625;71.8125;2.96875;100;214;0;204;0;0
5.3853867;5.838;0;39;2.54296875;0;32.34375;264;14.306640625;71.8125;2.9375;100;214;0;204;0;0
5.5155537;5.838;0;39;2.55078125;0;32.34375;264;14.306640625;71.8125;2.9375;100;214;0;204;0;0
5.6555584;5.838;0;39;2.55078125;0;32.34375;265;14.306640625;71.8125;2.9375;100;214;0;204;0;0
5.8055752;5.838;0;39;2.5546875;0;32.34375;266;14.306640625;71.8125;2.9375;100;214;0;204;0;0
5.9653973;5.838;0;39;2.55859375;0;32.34375;265;14.306640625;71.8125;2.9375;100;214;0;204;0;0
6.1315669;5.838;0;39;2.55078125;0;32.34375;266;14.306640625;71.8125;2.9375;100;214;0;204;0;0
6.2667383;5.838;0;39;2.5546875;0;32.34375;265;14.306640625;71.8125;2.9375;100;214;0;204;0;0
6.3967448;5.838;0;39;2.54296875;0;32.34375;265;14.306640625;71.8125;2.9375;100;214;0;204;0;0
6.5587178;5.838;0;39;2.5546875;0;32.34375;265;14.306640625;71.8125;2.9375;100;214;0;204;0;0
6.6988946;5.838;0;39;2.5546875;0;32.34375;266;14.306640625;71.8125;2.9375;100;214;0;204;0;0
6.8413893;5.838;0;39;2.55078125;0;32.34375;266;14.306640625;71.8125;2.9375;100;214;0;205;0;0
6.967728;5.838;0;39;2.55078125;0;32.34375;265;14.306640625;71.8125;2.9375;100;215;0;205;0;0
7.1079208;5.838;0;39;2.55859375;0;32.28125;265;14.3310546875;71.8125;2.9375;100;215;0;205;0;0
7.23795;5.838;0;39;2.54296875;0;32.28125;267;14.3310546875;71.8125;2.9375;100;215;0;205;0;0
7.370178;5.838;0;39;2.55859375;0;32.28125;265;14.3310546875;71.8125;2.9375;100;215;0;205;0;0
7.5127238;5.838;0;39;2.55859375;0;32.28125;265;14.3310546875;71.8125;2.9375;100;215;0;205;0;0
7.6427223;5.838;0;39;2.55859375;0;32.28125;265;14.3310546875;71.8125;2.9375;100;215;0;205;0;0
7.7729013;5.838;0;39;2.5546875;0;32.28125;265;14.3310546875;71.8125;2.9375;100;215;0;205;0;0
7.8929285;5.838;0;39;2.5546875;0;32.28125;265;14.3310546875;71.8125;2.9375;100;215;0;205;0;0
8.0529304;5.838;0;39;2.55078125;0;32.28125;265;14.3310546875;71.8125;2.9375;100;215;0;205;0;0
8.2129108;5.838;0;39;2.54296875;0;32.28125;264;14.3310546875;71.8125;2.9375;100;215;0;205;0;0
8.3729765;5.838;0;39;2.54296875;0;32.28125;266;14.3310546875;71.8125;2.9375;100;215;0;205;0;0
8.5329117;5.838;0;39;2.5390625;0;32.28125;265;14.3310546875;71.8125;2.9375;100;215;0;205;0;0
8.6927579;5.838;0;39;2.55859375;0;32.28125;266;14.3310546875;71.8125;2.9375;100;215;0;205;0;0
8.8228457;5.838;0;39;2.55859375;0;32.28125;266;14.3310546875;71.8125;2.9375;100;215;0;204;0;0
8.962833;5.838;0;39;2.5546875;0;32.28125;266;14.3310546875;71.8125;2.9375;100;211;0;204;0;0
9.0927231;5.838;0;39;2.5546875;0;32.28125;264;14.3310546875;71.8125;2.9375;100;211;0;204;0;0
9.2228934;5.838;0;39;2.55078125;0;32.4375;264;14.3310546875;71.8125;2.9375;100;211;0;204;0;0
9.3629502;5.838;0;39;2.5546875;0;32.4375;264;14.3310546875;71.8125;2.9375;100;211;0;204;0;0
9.4918992;5.838;0;39;2.5546875;0;32.4375;266;14.3310546875;71.8125;3;100;211;0;204;0;0
9.6320844;5.838;0;39;2.54296875;0;32.4375;266;14.3310546875;71.8125;3;100;211;0;204;0;0
9.7620803;5.838;0;39;2.54296875;0;32.4375;265;14.3310546875;71.8125;3;100;211;0;204;0;0
9.9220939;5.838;0;39;2.5390625;0;32.4375;265;14.3310546875;71.8125;3;100;211;0;204;0;0
10.061959;5.838;0;39;2.5390625;0;32.4375;265;14.3310546875;71.8125;3;100;211;0;204;0;0
10.2021048;5.838;0;39;2.5546875;0;32.4375;265;14.3310546875;71.8125;3;100;211;0;204;0;0
10.3121131;5.838;0;39;2.5546875;0;32.4375;265;14.3310546875;71.8125;3;100;211;0;204;0;0
10.4721088;5.838;0;39;2.55078125;0;32.4375;264;14.3310546875;71.8125;3;100;211;0;204;0;0
10.6319265;5.838;0;39;2.54296875;0;32.4375;266;14.3310546875;71.8125;3;100;211;0;204;0;0
10.7719597;5.838;0;39;2.5546875;0;32.4375;264;14.3310546875;71.8125;3;100;211;0;204;0;0
10.9121263;5.838;0;39;2.53515625;0;32.4375;264;14.3310546875;71.8125;3;100;211;0;205;0;0
11.0421226;5.838;0;39;2.53515625;0;32.4375;264;14.3310546875;71.8125;3;100;212;0;205;0;0
11.182085;5.838;0;39;2.53515625;0;32.40625;266;14.2578125;71.8125;3;100;212;0;205;0;0
11.312151;5.838;0;39;2.54296875;0;32.40625;264;14.2578125;71.8125;3;100;212;0;205;0;0
11.4520799;5.838;0;39;2.54296875;0;32.40625;264;14.2578125;71.8125;3;100;212;0;205;0;0
11.5819004;5.838;0;39;2.5625;0;32.40625;264;14.2578125;71.8125;3;100;212;0;205;0;0
11.7220863;5.838;0;39;2.5625;0;32.40625;265;14.2578125;71.8125;3;100;212;0;205;0;0
11.8521114;5.838;0;38;2.54296875;0;32.40625;265;14.2578125;71.8125;3;100;212;0;205;0;0
12.0021034;5.838;0;38;2.54296875;0;32.40625;264;14.2578125;71.8125;3;100;212;0;205;0;0
12.1620911;5.838;0;38;2.54296875;0;32.40625;265;14.2578125;71.8125;3;100;212;0;205;0;0
12.3120828;5.838;0;38;2.55078125;0;32.40625;265;14.2578125;71.8125;3;100;212;0;205;0;0
12.4519001;5.838;0;38;2.55078125;0;32.40625;266;14.2578125;71.8125;3;100;212;0;205;0;0
12.5821068;5.838;0;38;2.53515625;0;32.40625;266;14.2578125;71.8125;3;100;212;0;205;0;0
12.6921358;5.838;0;38;2.53515625;0;32.40625;266;14.2578125;71.8125;3;100;212;0;205;0;0
12.8520877;5.838;0;38;2.53515625;0;32.40625;265;14.2578125;71.8125;3;100;212;0;205;0;0
12.9920181;5.838;0;38;2.5546875;0;32.40625;264;14.2578125;71.8125;3;100;212;0;205;0;0
13.1221263;5.838;0;38;2.5546875;0;32.40625;264;14.2578125;71.8125;3;100;212;0;204;0;0
13.2618995;5.838;0;38;2.5546875;0;32.40625;264;14.2578125;71.8125;3;100;212;0;204;0;0
13.3920628;5.838;0;38;2.5546875;0;32.28125;264;14.2578125;71.8125;3;100;217;0;204;0;0
13.5319016;5.838;0;38;2.5546875;0;32.28125;265;14.2822265625;71.8125;3;100;217;0;204;0;0
13.6620755;5.838;0;38;2.54296875;0;32.28125;265;14.2822265625;71.8125;3;100;217;0;204;0;0
13.7921301;5.838;0;38;2.54296875;0;32.28125;265;14.2822265625;71.8125;2.9375;100;217;0;204;0;0
13.9218988;5.838;0;38;2.54296875;0;32.28125;264;14.2822265625;71.8125;2.9375;100;217;0;204;0;0
14.05208;5.838;0;38;2.55078125;0;32.28125;264;14.2822265625;71.8125;2.9375;100;217;0;204;0;0
14.1920814;5.838;0;38;2.55078125;0;32.28125;264;14.2822265625;71.8125;2.9375;100;217;0;204;0;0
14.3019066;5.838;0;38;2.5390625;0;32.28125;265;14.2822265625;71.8125;2.9375;100;217;0;204;0;0
14.4121143;5.838;0;38;2.5390625;0;32.28125;265;14.2822265625;71.8125;2.9375;100;217;0;204;0;0
14.5721089;5.838;0;38;2.5390625;0;32.28125;264;14.2822265625;71.8125;2.9375;100;217;0;204;0;0
14.7320846;5.838;0;38;2.5390625;0;32.28125;265;14.2822265625;71.8125;2.9375;100;217;0;204;0;0
14.8719037;5.838;0;38;2.55078125;0;32.28125;265;14.2822265625;71.8125;2.9375;100;217;0;204;0;0
15.0119117;5.838;0;38;2.5546875;0;32.28125;265;14.2822265625;71.8125;2.9375;100;217;0;204;0;0
15.1121197;5.838;0;38;2.5546875;0;32.28125;265;14.2822265625;71.8125;2.9375;100;217;0;204;0;0
15.2519005;5.838;0;38;2.53125;0;32.28125;265;14.2822265625;71.8125;2.9375;100;217;0;204;0;0
15.3821433;5.838;0;38;2.55078125;0;32.28125;265;14.2822265625;71.8125;2.9375;100;217;0;204;0;0
15.5219376;5.838;0;38;2.55078125;0;32.28125;264;14.2822265625;71.8125;2.9375;100;217;0;204;0;0
15.6520747;5.838;0;38;2.55078125;0;32.3125;264;14.2822265625;71.8125;2.9375;100;217;0;204;0;0
15.7919346;5.838;0;38;2.55078125;0;32.3125;264;14.2578125;71.8125;2.9375;100;217;0;204;0;0
15.9219065;5.838;0;38;2.5390625;0;32.3125;265;14.2578125;71.8125;2.9375;100;217;0;204;0;0
16.0619017;5.838;0;38;2.5390625;0;32.3125;265;14.2578125;71.8125;3;100;217;0;204;0;0
16.1920946;5.838;0;38;2.5390625;0;32.3125;265;14.2578125;71.8125;3;100;217;0;204;0;0
16.3219144;5.838;0;38;2.5390625;0;32.3125;264;14.2578125;71.8125;3;100;217;0;204;0;0
16.5020761;5.838;0;38;2.54296875;0;32.3125;265;14.2578125;71.8125;3;100;217;0;204;0;0
16.6621094;5.838;0;38;2.55078125;0;32.3125;264;14.2578125;71.8125;3;100;217;0;204;0;0
16.8221288;5.838;0;38;2.53515625;0;32.3125;265;14.2578125;71.8125;3;100;217;0;204;0;0
16.9820997;5.838;0;38;2.5390625;0;32.3125;265;14.2578125;71.8125;3;100;217;0;204;0;0
17.1419539;5.838;0;38;2.53515625;0;32.3125;264;14.2578125;71.8125;3;100;217;0;204;0;0
17.2721468;5.838;0;38;2.5546875;0;32.3125;264;14.2578125;71.8125;3;100;217;0;204;0;0
17.4119053;5.838;0;38;2.5546875;0;32.3125;264;14.2578125;71.8125;3;100;217;0;204;0;0
17.5420818;5.838;0;38;2.5390625;0;32.3125;264;14.2578125;71.8125;3;100;217;0;207;0;0
17.6807554;5.838;0;38;2.5390625;0;32.3125;264;14.2578125;71.8125;3;100;212;0;207;0;0
17.8107853;5.838;0;38;2.5390625;0;32.34375;264;14.2578125;71.8125;3;100;212;0;207;0;0
17.9509388;5.838;0;38;2.53515625;0;32.34375;264;14.2578125;71.8125;3;100;212;0;207;0;0
18.0809646;5.838;0;38;2.53515625;0;32.34375;265;14.2578125;71.8125;2.9375;100;212;0;207;0;0
18.2108657;5.838;0;38;2.54296875;0;32.34375;265;14.2578125;71.8125;2.9375;100;212;0;207;0;0
18.3507472;5.838;0;38;2.54296875;0;32.34375;264;14.2578125;71.8125;2.9375;100;212;0;207;0;0
18.4809499;5.838;0;38;2.54296875;0;32.34375;264;14.2578125;71.8125;2.9375;100;212;0;207;0;0
18.6209353;5.838;0;38;2.53125;0;32.34375;265;14.2578125;71.8125;2.9375;100;212;0;207;0;0
18.730965;5.838;0;38;2.53125;0;32.34375;264;14.2578125;71.8125;2.9375;100;212;0;207;0;0
18.8907704;5.838;0;38;2.53515625;0;32.34375;264;14.2578125;71.8125;2.9375;100;212;0;207;0;0
19.0509699;5.838;0;38;2.54296875;0;32.34375;265;14.2578125;71.8125;2.9375;100;212;0;207;0;0
19.2309366;5.838;0;38;2.54296875;0;32.34375;265;14.2578125;71.8125;2.9375;100;212;0;207;0;0
19.3707524;5.838;0;38;2.54296875;0;32.34375;265;14.2578125;71.8125;2.9375;100;212;0;207;0;0
19.5009223;5.838;0;38;2.5390625;0;32.34375;265;14.2578125;71.8125;2.9375;100;212;0;205;0;0
19.640981;5.838;0;38;2.5390625;0;32.34375;265;14.2578125;71.8125;2.9375;100;215;0;205;0;0
19.7707512;5.838;0;38;2.5390625;0;32.34375;264;14.2578125;71.8125;2.9375;100;215;0;205;0;0
19.9107511;5.838;0;38;2.5390625;0;32.34375;265;14.208984375;71.8125;2.9375;100;215;0;205;0;0
20.0409848;5.838;0;38;2.5390625;0;32.34375;265;14.208984375;71.8125;2.9375;100;215;0;205;0;0
20.1709286;5.838;0;38;2.5390625;0;32.34375;264;14.208984375;71.8125;2.96875;100;215;0;205;0;0
20.3093904;5.838;0;38;2.5390625;0;32.34375;264;14.208984375;71.8125;2.96875;100;215;0;205;0;0
20.4493929;5.838;0;38;2.5390625;0;32.34375;265;14.208984375;71.8125;2.96875;100;215;0;205;0;0
20.5995859;5.838;0;38;2.53125;0;32.34375;266;14.208984375;71.8125;2.96875;100;215;0;205;0;0
20.752538;5.838;0;38;2.55078125;0;32.34375;264;14.208984375;71.8125;2.96875;100;215;0;205;0;0
20.8923928;5.838;0;38;2.53515625;0;32.34375;265;14.208984375;71.8125;2.96875;100;215;0;205;0;0
21.0225576;5.838;0;38;2.5546875;0;32.34375;265;14.208984375;71.8125;2.96875;100;215;0;205;0;0
21.1325264;5.838;0;38;2.5546875;0;32.34375;265;14.208984375;71.8125;2.96875;100;215;0;205;0;0
21.2825286;5.838;0;38;2.55078125;0;32.34375;265;14.208984375;71.8125;2.96875;100;215;0;205;0;0
21.4324572;5.838;0;38;2.55078125;0;32.34375;265;14.208984375;71.8125;2.96875;100;215;0;205;0;0
21.560656;5.838;0;38;2.5390625;0;32.34375;265;14.208984375;71.8125;2.96875;100;215;0;205;0;0
21.6949846;5.838;0;38;2.5390625;0;32.34375;264;14.208984375;71.8125;2.96875;100;215;0;204;0;0
21.8351943;5.838;0;38;2.53515625;0;32.34375;264;14.208984375;71.8125;2.96875;100;215;0;204;0;0
21.9650265;5.838;0;38;2.53515625;0;32.375;264;14.1845703125;71.8125;2.96875;100;215;0;204;0;0
22.1052168;5.838;0;38;2.5390625;0;32.375;264;14.1845703125;71.8125;2.96875;100;215;0;204;0;0
22.2349815;5.838;0;38;2.5390625;0;32.375;266;14.1845703125;71.8125;2.96875;100;215;0;204;0;0
22.3651992;5.838;0;38;2.5390625;0;32.375;266;14.1845703125;71.8125;2.96875;100;215;0;204;0;0
22.5051926;5.838;0;38;2.54296875;0;32.375;266;14.1845703125;71.8125;2.96875;100;215;0;204;0;0
22.6350755;5.838;0;38;2.54296875;0;32.375;265;14.1845703125;71.8125;2.96875;100;215;0;204;0;0
22.7951485;5.838;0;38;2.53125;0;32.375;264;14.1845703125;71.8125;2.96875;100;215;0;204;0;0
22.9451872;5.838;0;38;2.5390625;0;32.375;264;14.1845703125;71.8125;2.96875;100;215;0;204;0;0
23.105184;5.838;0;38;2.5390625;0;32.375;265;14.1845703125;71.8125;2.96875;100;215;0;204;0;0
23.2651757;5.838;0;38;2.53515625;0;32.375;264;14.1845703125;71.8125;2.96875;100;215;0;204;0;0
23.405021;5.838;0;38;2.5390625;0;32.375;265;14.1845703125;71.8125;2.96875;100;215;0;204;0;0
23.5351727;5.838;0;38;2.53515625;0;32.375;265;14.1845703125;71.8125;2.96875;100;215;0;204;0;0
23.6851647;5.838;0;38;2.54296875;0;32.375;265;14.1845703125;71.8125;2.96875;100;215;0;204;0;0
23.8250243;5.838;0;38;2.54296875;0;32.375;264;14.1845703125;71.8125;2.96875;100;215;0;204;0;0
23.955189;5.838;0;38;2.5390625;0;32.375;264;14.1845703125;71.8125;2.96875;100;215;0;204;0;0
24.0951763;5.838;0;38;2.5390625;0;32.28125;264;14.1845703125;71.8125;2.96875;100;214;0;204;0;0
24.2249986;5.838;0;38;2.54296875;0;32.28125;265;14.306640625;71.8125;2.96875;100;214;0;204;0;0
24.3552039;5.838;0;38;2.5390625;0;32.28125;264;14.306640625;71.8125;2.96875;100;214;0;204;0;0
24.49519;5.838;0;38;2.5390625;0;32.28125;264;14.306640625;71.8125;3;100;214;0;204;0;0
24.6251035;5.838;0;38;2.53125;0;32.28125;264;14.306640625;71.8125;3;100;214;0;204;0;0
24.7651695;5.838;0;38;2.53125;0;32.28125;263;14.306640625;71.8125;3;100;214;0;204;0;0
24.8950279;5.838;0;38;2.5390625;0;32.28125;263;14.306640625;71.8125;3;100;214;0;204;0;0
25.0051846;5.838;0;38;2.5390625;0;32.28125;264;14.306640625;71.8125;3;100;214;0;204;0;0
25.1651763;5.838;0;38;2.53515625;0;32.28125;264;14.306640625;71.8125;3;100;214;0;204;0;0
25.3251862;5.838;0;38;2.54296875;0;32.28125;264;14.306640625;71.8125;3;100;214;0;204;0;0
25.4852122;5.838;0;38;2.5390625;0;32.28125;264;14.306640625;71.8125;3;100;214;0;204;0;0
25.6451765;5.838;0;38;2.53515625;0;32.28125;264;14.306640625;71.8125;3;100;214;0;204;0;0
25.7849829;5.838;0;38;2.53125;0;32.28125;265;14.306640625;71.8125;3;100;214;0;204;0;0
25.9151615;5.838;0;38;2.54296875;0;32.28125;265;14.306640625;71.8125;3;100;214;0;204;0;0
26.0451654;5.838;0;38;2.54296875;0;32.28125;264;14.306640625;71.8125;3;100;214;0;204;0;0
26.1852139;5.838;0;38;2.53515625;0;32.28125;264;14.306640625;71.8125;3;100;214;0;202;0;0
26.3151654;5.838;0;38;2.53515625;0;32.28125;265;14.306640625;71.8125;3;100;212;0;202;0;0
26.4551387;5.838;0;38;2.53125;0;32.25;265;14.306640625;71.8125;3;100;212;0;202;0;0
26.5921407;5.838;0;38;2.53125;0;32.25;264;14.2333984375;71.8125;3;100;212;0;202;0;0
26.7223248;5.838;0;38;2.53515625;0;32.25;264;14.2333984375;71.8125;3;100;212;0;202;0;0
26.8621122;5.838;0;38;2.53515625;0;32.25;264;14.2333984375;71.8125;3;100;212;0;202;0;0
26.9923127;5.838;0;38;2.53515625;0;32.25;264;14.2333984375;71.8125;3;100;212;0;202;0;0
27.1222875;5.838;0;38;2.5390625;0;32.25;264;14.2333984375;71.8125;3;100;212;0;202;0;0
27.232958;5.838;0;38;2.5390625;0;32.25;264;14.2333984375;71.8125;3;100;212;0;202;0;0
27.4129487;5.838;0;38;2.5390625;0;32.25;265;14.2333984375;71.8125;3;100;212;0;202;0;0
27.5730024;5.838;0;38;2.53515625;0;32.25;264;14.2333984375;71.8125;3;100;212;0;202;0;0
27.7329601;5.838;0;38;2.52734375;0;32.25;264;14.2333984375;71.8125;3;100;212;0;202;0;0
27.8875346;5.838;0;38;2.55078125;0;32.25;265;14.2333984375;71.8125;3;100;212;0;202;0;0
28.035715;5.838;0;38;2.53125;0;32.25;264;14.2333984375;71.8125;3;100;212;0;202;0;0
28.1757102;5.838;0;38;2.53515625;0;32.25;265;14.2333984375;71.8125;3;100;212;0;202;0;0
28.305755;5.838;0;38;2.53515625;0;32.25;265;14.2333984375;71.8125;3;100;212;0;202;0;0
28.4457221;5.838;0;38;2.53515625;0;32.25;265;14.2333984375;71.8125;3;100;212;0;202;0;0
28.5755551;5.838;0;38;2.53515625;0;32.25;265;14.2333984375;71.8125;3;100;215;0;202;0;0
28.7057151;5.838;0;38;2.5390625;0;32.3125;265;14.2333984375;71.8125;3;100;215;0;202;0;0
28.8457001;5.838;0;38;2.5390625;0;32.3125;264;14.208984375;71.8125;3;100;215;0;202;0;0
28.9801421;5.838;0;38;2.5390625;0;32.3125;264;14.208984375;71.8125;2.9375;100;215;0;202;0;0
29.110324;5.838;0;38;2.52734375;0;32.3125;264;14.208984375;71.8125;2.9375;100;215;0;202;0;0
29.2401416;5.838;0;38;2.52734375;0;32.3125;264;14.208984375;71.8125;2.9375;100;215;0;202;0;0
29.4003295;5.838;0;38;2.54296875;0;32.3125;265;14.208984375;71.8125;2.9375;100;215;0;202;0;0
29.5403215;5.838;0;38;2.5390625;0;32.3125;265;14.208984375;71.8125;2.9375;100;215;0;202;0;0
29.6703506;5.838;0;38;2.5390625;0;32.3125;264;14.208984375;71.8125;2.9375;100;215;0;202;0;0
29.7803326;5.838;0;38;2.5390625;0;32.3125;265;14.208984375;71.8125;2.9375;100;215;0;202;0;0
29.9403272;5.838;0;38;2.53515625;0;32.3125;265;14.208984375;71.8125;2.9375;100;215;0;202;0;0
30.0903298;5.838;0;38;2.53515625;0;32.3125;264;14.208984375;71.8125;2.9375;100;215;0;202;0;0
30.2501442;5.838;0;38;2.5390625;0;32.3125;264;14.208984375;71.8125;2.9375;100;215;0;202;0;0
30.3801434;5.838;0;38;2.5390625;0;32.3125;264;14.208984375;71.8125;2.9375;100;215;0;202;0;0
30.5103636;5.838;0;38;2.53125;0;32.3125;264;14.208984375;71.8125;2.9375;100;215;0;205;0;0
30.6502345;5.838;0;38;2.53125;0;32.3125;264;14.208984375;71.8125;2.9375;100;212;0;205;0;0
30.7802771;5.838;0;38;2.52734375;0;32.4375;264;14.208984375;71.8125;2.9375;100;212;0;205;0;0
30.9202625;5.838;0;38;2.52734375;0;32.4375;264;14.2822265625;71.8125;2.9375;100;212;0;205;0;0
31.0501757;5.838;0;38;2.52734375;0;32.4375;264;14.2822265625;71.8125;2.9375;100;212;0;205;0;0
31.1902216;5.838;0;38;2.5390625;0;32.4375;264;14.2822265625;71.8125;2.96875;100;212;0;205;0;0
31.3201767;5.838;0;38;2.5390625;0;32.4375;264;14.2822265625;71.8125;2.96875;100;212;0;205;0;0
31.4801596;5.838;0;38;2.5390625;0;32.4375;264;14.2822265625;71.8125;2.96875;100;212;0;205;0;0
31.6330756;5.838;0;38;2.53515625;0;32.4375;264;14.2822265625;71.8125;2.96875;100;212;0;205;0;0
31.7807848;5.838;0;38;2.5390625;0;32.4375;265;14.2822265625;71.8125;2.96875;100;212;0;205;0;0
31.9271691;5.838;0;38;2.5390625;0;32.4375;264;14.2822265625;71.8125;2.96875;100;212;0;205;0;0
32.0669991;5.838;0;38;2.53515625;0;32.4375;263;14.2822265625;71.8125;2.96875;100;212;0;205;0;0
32.2007395;5.838;0;38;2.53515625;0;32.4375;263;14.2822265625;71.8125;2.96875;100;212;0;205;0;0
32.3122571;5.838;0;38;2.53515625;0;32.4375;265;14.2822265625;71.8125;2.96875;100;212;0;205;0;0
32.4689164;5.838;0;38;2.53125;0;32.4375;264;14.2822265625;71.8125;2.96875;100;212;0;205;0;0
32.60347;5.838;0;38;2.5390625;0;32.4375;264;14.2822265625;71.8125;2.96875;100;212;0;205;0;0
32.7498281;5.838;0;38;2.5390625;0;32.4375;263;14.2822265625;71.8125;2.96875;100;212;0;201;0;0
32.8892763;5.838;0;38;2.53125;0;32.4375;263;14.2822265625;71.8125;2.96875;100;214;0;201;0;0
33.0234649;5.838;0;38;2.53125;0;32.40625;263;14.1845703125;71.8125;2.96875;100;214;0;201;0;0
33.1537762;5.838;0;38;2.5390625;0;32.40625;264;14.1845703125;71.8125;2.96875;100;214;0;201;0;0
33.2878058;5.838;0;38;2.54296875;0;32.40625;264;14.1845703125;71.8125;2.96875;100;214;0;201;0;0
33.4229053;5.838;0;38;2.53515625;0;32.40625;264;14.1845703125;71.8125;3;100;214;0;201;0;0
33.552995;5.838;0;38;2.53515625;0;32.40625;264;14.1845703125;71.8125;3;100;214;0;201;0;0
33.6831167;5.838;0;38;2.53125;0;32.40625;264;14.1845703125;71.8125;3;100;214;0;201;0;0
33.8430825;5.838;0;38;2.53125;0;32.40625;264;14.1845703125;71.8125;3;100;214;0;201;0;0
34.0029251;5.838;0;38;2.54296875;0;32.40625;263;14.1845703125;71.8125;3;100;214;0;201;0;0
34.162916;5.838;0;38;2.53515625;0;32.40625;264;14.1845703125;71.8125;3;100;214;0;201;0;0
34.3129048;5.838;0;38;2.54296875;0;32.40625;264;14.1845703125;71.8125;3;100;214;0;201;0;0
34.442904;5.838;0;38;2.53125;0;32.40625;264;14.1845703125;71.8125;3;100;214;0;201;0;0
34.5730855;5.838;0;38;2.53125;0;32.40625;264;14.1845703125;71.8125;3;100;214;0;201;0;0
34.6929858;5.838;0;38;2.53125;0;32.40625;264;14.1845703125;71.8125;3;100;214;0;201;0;0
34.8392235;5.838;0;38;2.5390625;0;32.40625;264;14.1845703125;71.8125;3;100;214;0;201;0;0
34.9751625;5.838;0;38;2.52734375;0;32.40625;264;14.1845703125;71.8125;3;100;214;0;202;0;0
35.1037541;5.838;0;38;2.52734375;0;32.40625;264;14.1845703125;71.8125;3;100;215;0;202;0;0
35.2337478;5.838;0;38;2.52734375;0;32.375;264;14.2578125;71.8125;3;100;215;0;202;0;0
35.3639166;5.838;0;38;2.53515625;0;32.375;265;14.2578125;71.8125;3;100;215;0;202;0;0
35.5037846;5.838;0;38;2.53515625;0;32.375;265;14.2578125;71.8125;2.9375;100;215;0;202;0;0
35.6339661;5.838;0;38;2.53515625;0;32.375;265;14.2578125;71.8125;2.9375;100;215;0;202;0;0
35.7637702;5.838;0;38;2.53515625;0;32.375;265;14.2578125;71.8125;2.9375;100;215;0;202;0;0
35.9139304;5.838;0;38;2.53515625;0;32.375;264;14.2578125;71.8125;2.9375;100;215;0;202;0;0
36.0837872;5.838;0;38;2.52734375;0;32.375;263;14.2578125;71.8125;2.9375;100;215;0;202;0;0
36.2439568;5.838;0;38;2.53515625;0;32.375;264;14.2578125;71.8125;2.9375;100;215;0;202;0;0
36.4061701;5.838;0;38;2.54296875;0;32.375;264;14.2578125;71.8125;2.9375;100;215;0;202;0;0
36.5615392;5.838;0;38;2.5234375;0;32.375;264;14.2578125;71.8125;2.9375;100;215;0;202;0;0
36.7049526;5.838;0;38;2.54296875;0;32.375;264;14.2578125;71.8125;2.9375;100;215;0;202;0;0
36.8449372;5.838;0;38;2.53515625;0;32.375;264;14.2578125;71.8125;2.9375;100;215;0;202;0;0
36.9751035;5.838;0;38;2.5390625;0;32.375;264;14.2578125;71.8125;2.9375;100;215;0;202;0;0
37.1049345;5.838;0;38;2.5390625;0;32.375;264;14.2578125;71.8125;2.9375;100;215;0;202;0;0
37.2395418;5.838;0;38;2.5234375;0;32.375;264;14.2578125;71.8125;2.9375;100;215;0;205;0;0
37.3793933;5.838;0;38;2.5234375;0;32.375;264;14.2578125;71.8125;2.9375;100;211;0;205;0;0
37.5094851;5.838;0;38;2.52734375;0;32.28125;264;14.2578125;71.8125;2.9375;100;211;0;205;0;0
37.6493148;5.838;0;38;2.52734375;0;32.28125;264;14.208984375;71.8125;2.9375;100;211;0;205;0;0
37.7793447;5.838;0;38;2.53125;0;32.28125;264;14.208984375;71.8125;2.9375;100;211;0;205;0;0
37.9093504;5.838;0;38;2.53125;0;32.28125;263;14.208984375;71.8125;3;100;211;0;205;0;0
38.0393609;5.838;0;38;2.53515625;0;32.28125;263;14.208984375;71.8125;3;100;211;0;205;0;0
38.1795342;5.838;0;38;2.53515625;0;32.28125;263;14.208984375;71.8125;3;100;211;0;205;0;0
38.2895136;5.838;0;38;2.53515625;0;32.28125;264;14.208984375;71.8125;3;100;211;0;205;0;0
38.4395194;5.838;0;38;2.53515625;0;32.28125;264;14.208984375;71.8125;3;100;211;0;205;0;0
38.5895023;5.838;0;38;2.54296875;0;32.28125;264;14.208984375;71.8125;3;100;211;0;205;0;0
38.749494;5.838;0;38;2.5390625;0;32.28125;264;14.208984375;71.8125;3;100;211;0;205;0;0
38.909493;5.838;0;38;2.53125;0;32.28125;264;14.208984375;71.8125;3;100;211;0;205;0;0
39.0595033;5.838;0;38;2.5390625;0;32.28125;264;14.208984375;71.8125;3;100;211;0;205;0;0
39.1993085;5.838;0;38;2.53515625;0;32.28125;263;14.208984375;71.8125;3;100;211;0;205;0;0
39.3293989;5.838;0;38;2.53515625;0;32.28125;263;14.208984375;71.8125;3;100;211;0;202;0;0
39.4593419;5.838;0;38;2.53125;0;32.28125;263;14.208984375;71.8125;3;100;214;0;202;0;0
39.5994831;5.838;0;38;2.53125;0;32.3125;263;14.208984375;71.8125;3;100;214;0;202;0;0
39.7294881;5.838;0;38;2.53125;0;32.3125;264;14.208984375;71.8125;3;100;214;0;202;0;0
39.8637219;5.838;0;38;2.53515625;0;32.3125;264;14.208984375;71.8125;3;100;214;0;202;0;0
40.0038874;5.838;0;38;2.53515625;0;32.3125;263;14.208984375;71.8125;2.9375;100;214;0;202;0;0
40.1339603;5.838;0;38;2.53515625;0;32.3125;263;14.208984375;71.8125;2.9375;100;214;0;202;0;0
40.2839301;5.838;0;38;2.53515625;0;32.3125;264;14.208984375;71.8125;2.9375;100;214;0;202;0;0
40.4439101;5.838;0;38;2.53515625;0;32.3125;264;14.208984375;71.8125;2.9375;100;214;0;202;0;0
40.586454;5.838;0;38;2.5390625;0;32.3125;263;14.208984375;71.8125;2.9375;100;214;0;202;0;0
40.7204956;5.838;0;38;2.53125;0;32.3125;263;14.208984375;71.8125;2.9375;100;214;0;202;0;0
40.8605419;5.838;0;38;2.53125;0;32.3125;264;14.208984375;71.8125;2.9375;100;214;0;202;0;0
41.0305253;5.838;0;38;2.53125;0;32.3125;263;14.208984375;71.8125;2.9375;100;214;0;202;0;0
41.1542612;5.838;0;38;2.53125;0;32.3125;265;14.208984375;71.8125;2.9375;100;214;0;202;0;0
41.2943951;5.838;0;38;2.5390625;0;32.3125;264;14.208984375;71.8125;2.9375;100;214;0;202;0;0
41.4345803;5.838;0;38;2.53125;0;32.3125;264;14.208984375;71.8125;2.9375;100;214;0;205;0;0
41.5645788;5.838;0;38;2.53125;0;32.3125;264;14.208984375;71.8125;2.9375;100;214;0;205;0;0
41.7045748;5.838;0;38;2.53515625;0;32.25;264;14.208984375;71.8125;2.9375;100;212;0;205;0;0
41.8347877;5.838;0;38;2.53515625;0;32.25;263;14.2578125;71.8125;2.9375;100;212;0;205;0;0
41.9647497;5.838;0;38;2.53515625;0;32.25;263;14.2578125;71.8125;2.9375;100;212;0;205;0;0
42.1048634;5.838;0;38;2.5390625;0;32.25;263;14.2578125;71.8125;2.9375;100;212;0;205;0;0
42.2346292;5.838;0;38;2.5390625;0;32.25;264;14.2578125;71.8125;3;100;212;0;205;0;0
42.3747536;5.838;0;38;2.53125;0;32.25;264;14.2578125;71.78125;3;100;212;0;205;0;0
42.5047459;5.838;0;38;2.53125;0;32.25;264;14.2578125;71.78125;3;100;212;0;205;0;0
42.6646325;5.838;0;38;2.52734375;0;32.25;264;14.2578125;71.78125;3;100;212;0;205;0;0
42.8247628;5.838;0;38;2.5234375;0;32.25;264;14.2578125;71.78125;3;100;212;0;205;0;0
42.984617;5.838;0;38;2.53515625;0;32.25;264;14.2578125;71.78125;3;100;212;0;205;0;0
43.1245776;5.838;0;38;2.53515625;0;32.25;264;14.2578125;71.78125;3;100;212;0;205;0;0
43.2645867;5.838;0;38;2.5390625;0;32.25;264;14.2578125;71.78125;3;100;212;0;205;0;0
43.3704147;5.838;0;38;2.5390625;0;32.25;263;14.2578125;71.78125;3;100;212;0;205;0;0
43.5102882;5.838;0;38;2.52734375;0;32.25;265;14.2578125;71.78125;3;100;212;0;205;0;0
43.6404081;5.838;0;38;2.53125;0;32.25;265;14.2578125;71.78125;3;100;212;0;205;0;0
43.7803924;5.838;0;38;2.53125;0;32.25;265;14.2578125;71.78125;3;100;214;0;205;0;0
43.9102607;5.838;0;38;2.53125;0;32.3125;264;14.1845703125;71.78125;3;100;214;0;205;0;0
44.0504047;5.838;0;38;2.53125;0;32.3125;264;14.1845703125;71.78125;3;100;214;0;205;0;0
44.1902315;5.838;0;38;2.53515625;0;32.3125;264;14.1845703125;71.78125;2.96875;100;214;0;205;0;0
44.3202587;5.838;0;38;2.53515625;0;32.3125;264;14.1845703125;71.8125;2.96875;100;214;0;205;0;0
44.4503407;5.838;0;38;2.53515625;0;32.3125;264;14.1845703125;71.8125;2.96875;100;214;0;205;0;0
44.5904034;5.838;0;38;2.53515625;0;32.3125;264;14.1845703125;71.8125;2.96875;100;214;0;205;0;0
44.7404246;5.838;0;38;2.52734375;0;32.3125;264;14.1845703125;71.8125;2.96875;100;214;0;205;0;0
44.9002431;5.838;0;38;2.53125;0;32.3125;264;14.1845703125;71.8125;2.96875;100;214;0;205;0;0
45.0604284;5.838;0;38;2.54296875;0;32.3125;264;14.1845703125;71.8125;2.96875;100;214;0;205;0;0
45.2204125;5.838;0;38;2.53125;0;32.3125;263;14.1845703125;71.8125;2.96875;100;214;0;205;0;0
45.3804458;5.838;0;38;2.53125;0;32.3125;264;14.1845703125;71.8125;2.96875;100;214;0;205;0;0
45.5202324;5.838;0;38;2.5390625;0;32.3125;264;14.1845703125;71.8125;2.96875;100;214;0;205;0;0
45.6604632;5.838;0;38;2.5390625;0;32.3125;264;14.1845703125;71.8125;2.96875;100;214;0;204;0;0
45.7904238;5.838;0;38;2.53515625;0;32.3125;264;14.1845703125;71.8125;2.96875;100;214;0;204;0;0
45.9304311;5.838;0;38;2.53515625;0;32.3125;264;14.1845703125;71.8125;2.96875;100;215;0;204;0;0
46.0602665;5.838;0;38;2.53515625;0;32.3125;263;14.2333984375;71.8125;2.96875;100;215;0;204;0;0
46.2004066;5.838;0;38;2.53125;0;32.3125;263;14.2333984375;71.8125;2.96875;100;215;0;204;0;0
46.3357741;5.838;0;38;2.53125;0;32.3125;263;14.2333984375;71.8125;2.9375;100;215;0;204;0;0
46.4727571;5.838;0;38;2.53125;0;32.3125;263;14.2333984375;71.8125;2.9375;100;215;0;204;0;0
46.6202884;5.838;0;38;2.53125;0;32.3125;264;14.2333984375;71.8125;2.9375;100;215;0;204;0;0
46.7701006;5.838;0;38;2.5390625;0;32.3125;264;14.2333984375;71.8125;2.9375;100;215;0;204;0;0
46.9000965;5.838;0;38;2.53125;0;32.3125;263;14.2333984375;71.8125;2.9375;100;215;0;204;0;0
47.0402672;5.838;0;38;2.52734375;0;32.3125;263;14.2333984375;71.8125;2.9375;100;215;0;204;0;0
47.1502593;5.838;0;38;2.52734375;0;32.3125;263;14.2333984375;71.8125;2.9375;100;215;0;204;0;0
47.2909219;5.838;0;38;2.53125;0;32.3125;264;14.2333984375;71.8125;2.9375;100;215;0;204;0;0
47.4509333;5.838;0;38;2.53515625;0;32.3125;264;14.2333984375;71.8125;2.9375;100;215;0;204;0;0
47.6109206;5.838;0;38;2.53515625;0;32.3125;264;14.2333984375;71.8125;2.9375;100;215;0;204;0;0
47.7410945;5.838;0;38;2.5234375;0;32.3125;264;14.2333984375;71.8125;2.9375;100;215;0;204;0;0
47.8773541;5.838;0;38;2.5390625;0;32.3125;264;14.2333984375;71.8125;2.9375;100;215;0;202;0;0
48.0073598;5.838;0;38;2.5390625;0;32.3125;264;14.2333984375;71.8125;2.9375;100;212;0;202;0;0
48.1473522;5.838;0;38;2.5390625;0;32.375;264;14.2333984375;71.8125;2.9375;100;212;0;202;0;0
48.2871906;5.838;0;38;2.5390625;0;32.375;264;14.208984375;71.8125;2.9375;100;212;0;202;0;0
48.4172379;5.838;0;38;2.5390625;0;32.375;265;14.208984375;71.8125;2.9375;100;212;0;202;0;0
48.5464031;5.838;0;38;2.53125;0;32.375;265;14.208984375;71.8125;2.9375;100;212;0;202;0;0
48.6866124;5.838;0;38;2.53125;0;32.375;265;14.208984375;71.78125;2.9375;100;212;0;202;0;0
48.8165905;5.838;0;38;2.53125;0;32.375;264;14.208984375;71.78125;2.9375;100;212;0;202;0;0
48.9766836;5.838;0;38;2.52734375;0;32.375;264;14.208984375;71.78125;2.9375;100;212;0;202;0;0
49.1365947;5.838;0;38;2.5234375;0;32.375;264;14.208984375;71.78125;2.9375;100;212;0;202;0;0
49.2864066;5.838;0;38;2.53515625;0;32.375;264;14.208984375;71.78125;2.9375;100;212;0;202;0;0
49.4164951;5.838;0;38;2.53515625;0;32.375;264;14.208984375;71.78125;2.9375;100;212;0;202;0;0
49.5265912;5.838;0;38;2.53515625;0;32.375;265;14.208984375;71.78125;2.9375;100;212;0;202;0;0
49.6865938;5.838;0;38;2.53125;0;32.375;264;14.208984375;71.78125;2.9375;100;212;0;202;0;0
49.8264523;5.838;0;38;2.578125;0;32.375;281;14.208984375;71.78125;2.9375;100;212;0;202;0;0
49.9666022;5.838;0;38;2.9140625;0;32.375;281;14.208984375;71.78125;2.9375;100;212;0;264;0;0
50.0966094;5.838;0;38;2.9140625;0;32.375;281;14.208984375;71.78125;2.9375;100;338;0;264;0;0
50.2363968;5.838;0;38;3.47265625;0;43;341;14.208984375;71.78125;2.9375;100;338;0;264;0;0
50.3663924;5.838;0;38;3.47265625;0;43;396;20.01953125;71.78125;2.9375;100;338;0;264;0;0
50.496521;5.838;0;38;4.13671875;0;43;407;20.01953125;71.78125;2.9375;100;338;0;264;0;0
50.636602;5.838;0;38;4.13671875;0;43;407;20.01953125;71.78125;7.5;100;338;0;264;0;0
50.7664298;5.838;0;38;4.13671875;0;43;513;20.01953125;71.78125;7.5;100;338;0;264;0;0
50.9063959;5.838;0;38;5.1953125;0;43;513;20.01953125;71.625;7.5;100;338;0;264;0;0
51.056583;5.838;0;38;5.1953125;0;43;564;20.01953125;71.625;7.5;100;338;0;264;0;0
51.2166024;5.838;0;38;5.4921875;0;43;583;20.01953125;71.625;7.5;100;338;0;264;0;0
51.3768629;5.838;0;38;5.671875;0;43;600;20.01953125;71.625;7.5;100;338;0;264;0;0
51.528839;5.838;0;38;5.796875;0;43;612;20.01953125;71.625;7.5;100;338;0;264;0;0
51.6788766;5.838;0;38;5.90625;0;43;621;20.01953125;71.625;7.5;100;338;0;264;0;0
51.8188548;5.838;0;38;5.9765625;0;43;621;20.01953125;71.625;7.5;100;338;0;264;0;0
51.9188764;5.838;0;38;5.9765625;0;43;630;20.01953125;71.625;7.5;100;338;0;264;0;0
52.0487184;5.838;0;38;6.0703125;0;43;636;20.01953125;71.625;7.5;100;338;0;264;0;0
52.1832148;5.838;0;38;6.13671875;0;43;636;20.01953125;71.625;7.5;100;338;0;753;0;0
52.3232042;5.838;0;38;6.13671875;0;43;636;20.01953125;71.625;7.5;100;795;0;753;0;0
52.4585324;5.838;0;38;6.13671875;0;52.75;645;34.7900390625;71.625;7.5;100;795;0;753;0;0
52.5938259;5.838;0;38;6.203125;0;52.75;649;34.7900390625;71.625;7.5;100;795;0;753;0;0
52.7240136;5.838;0;38;6.21875;0;52.75;650;34.7900390625;71.625;11.21875;100;795;0;753;0;0
52.8640289;5.838;0;38;6.2578125;0;52.75;650;34.7900390625;71.625;11.21875;100;795;0;753;0;0
52.9938516;5.838;0;38;6.2578125;0;52.75;653;34.7900390625;71.5625;11.21875;100;795;0;753;0;0
53.1240376;5.838;0;38;6.26953125;0;52.75;653;34.7900390625;71.5625;11.21875;100;795;0;753;0;0
53.3139973;5.838;0;38;6.26953125;0;52.75;656;34.7900390625;71.5625;11.21875;100;795;0;753;0;0
53.4640079;5.838;0;38;6.29296875;0;52.75;657;34.7900390625;71.5625;11.21875;100;795;0;753;0;0
53.6240022;5.838;0;38;6.3046875;0;52.75;658;34.7900390625;71.5625;11.21875;100;795;0;753;0;0
53.7840154;5.838;0;38;6.31640625;0;52.75;658;34.7900390625;71.5625;11.21875;100;795;0;753;0;0
53.9440231;5.838;0;38;6.3203125;0;52.75;659;34.7900390625;71.5625;11.21875;100;795;0;753;0;0
54.0838178;5.838;0;38;6.32421875;0;52.75;660;34.7900390625;71.5625;11.21875;100;795;0;753;0;0
54.213844;5.838;0;38;6.3203125;0;52.75;660;34.7900390625;71.5625;11.21875;100;795;0;753;0;0
54.3478123;5.838;0;38;6.3203125;0;52.75;660;34.7900390625;71.5625;11.21875;100;795;0;753;0;0
54.4879093;5.838;0;38;6.3359375;0;52.75;660;34.7900390625;71.5625;11.21875;100;795;0;775;0;0
54.6178133;5.838;0;38;6.3359375;0;52.71875;660;34.7900390625;71.5625;11.21875;100;814;0;775;0;0
54.7480357;5.838;0;38;6.3359375;0;52.71875;661;35.5712890625;71.5625;11.21875;100;814;0;775;0;0
54.8878151;5.838;0;38;6.3359375;0;52.71875;661;35.5712890625;71.5625;11.21875;100;814;0;775;0;0
55.0178092;5.838;0;38;6.3359375;0;52.71875;660;35.5712890625;71.5625;11.375;100;814;0;775;0;0
55.147851;5.838;0;39;6.34375;0;52.71875;660;35.5712890625;71.53125;11.375;100;814;0;775;0;0
55.2779086;5.838;0;39;6.34375;0;52.71875;660;35.5712890625;71.53125;11.375;100;814;0;775;0;0
55.3880098;5.838;0;39;6.34375;0;52.71875;661;35.5712890625;71.53125;11.375;100;814;0;775;0;0
55.5480307;5.838;0;39;6.35546875;0;52.71875;660;35.5712890625;71.53125;11.375;100;814;0;775;0;0
55.7080205;5.838;0;39;6.359375;0;52.71875;662;35.5712890625;71.53125;11.375;100;814;0;775;0;0
55.8678175;5.838;0;39;6.359375;0;52.71875;663;35.5712890625;71.53125;11.375;100;814;0;775;0;0
56.0380011;5.838;0;39;6.36328125;0;52.71875;661;35.5712890625;71.53125;11.375;100;814;0;775;0;0
56.197848;5.838;0;39;6.3515625;0;52.71875;661;35.5712890625;71.53125;11.375;100;814;0;775;0;0
56.3280128;5.838;0;39;6.36328125;0;52.71875;661;35.5712890625;71.53125;11.375;100;814;0;778;0;0
56.4679974;5.838;0;39;6.36328125;0;52.71875;661;35.5712890625;71.53125;11.375;100;814;0;778;0;0
56.598024;5.838;0;39;6.36328125;0;52.6875;661;35.5712890625;71.53125;11.375;100;814;0;778;0;0
56.7380335;5.838;0;39;6.35546875;0;52.6875;662;35.6689453125;71.53125;11.375;100;814;0;778;0;0
56.8694636;5.838;0;39;6.36328125;0;52.6875;661;35.6689453125;71.53125;11.375;100;814;0;778;0;0
57.0094574;5.838;0;39;6.36328125;0;52.6875;661;35.6689453125;71.53125;11.375;100;814;0;778;0;0
57.1394636;5.838;0;39;6.36328125;0;52.6875;661;35.6689453125;71.53125;11.375;100;814;0;778;0;0
57.2794329;5.838;0;39;6.36328125;0;52.6875;662;35.6689453125;71.53125;11.375;100;814;0;778;0;0
57.4294505;5.838;0;39;6.359375;0;52.6875;661;35.6689453125;71.53125;11.375;100;814;0;778;0;0
57.5693002;5.838;0;39;6.35546875;0;52.6875;662;35.6689453125;71.53125;11.375;100;814;0;778;0;0
57.6994642;5.838;0;39;6.3671875;0;52.6875;662;35.6689453125;71.53125;11.375;100;814;0;778;0;0
57.8194634;5.838;0;39;6.3671875;0;52.6875;662;35.6689453125;71.53125;11.375;100;814;0;778;0;0
57.9743125;5.838;0;39;6.359375;0;52.6875;663;35.6689453125;71.53125;11.375;100;814;0;778;0;0
58.1364266;5.838;0;39;6.35546875;0;52.6875;662;35.6689453125;71.53125;11.375;100;814;0;778;0;0
58.2862662;5.838;0;39;6.359375;0;52.6875;662;35.6689453125;71.53125;11.375;100;814;0;778;0;0
58.4164397;5.838;0;39;6.359375;0;52.6875;662;35.6689453125;71.53125;11.375;100;814;0;778;0;0
58.5563897;5.838;0;39;6.36328125;0;52.6875;662;35.6689453125;71.53125;11.375;100;814;0;776;0;0
58.6863371;5.838;0;39;6.36328125;0;52.6875;662;35.6689453125;71.53125;11.375;100;814;0;776;0;0
58.8164326;5.838;0;39;6.36328125;0;52.65625;662;35.6689453125;71.53125;11.375;100;814;0;776;0;0
58.9563932;5.838;0;39;6.3515625;0;52.65625;662;35.64453125;71.53125;11.375;100;814;0;776;0;0
59.0862695;5.838;0;39;6.3515625;0;52.65625;663;35.64453125;71.53125;11.375;100;814;0;776;0;0
59.2264041;5.838;0;39;6.37109375;0;52.65625;663;35.64453125;71.53125;11.375;100;814;0;776;0;0
59.3564102;5.838;0;39;6.37109375;0;52.65625;663;35.64453125;71.53125;11.375;100;814;0;776;0;0
59.4964047;5.838;0;39;6.35546875;0;52.65625;662;35.64453125;71.53125;11.375;100;814;0;776;0;0
59.6353402;5.838;0;39;6.35546875;0;52.65625;662;35.64453125;71.53125;11.375;100;814;0;776;0;0
59.7955117;5.838;0;39;6.35546875;0;52.65625;662;35.64453125;71.53125;11.375;100;814;0;776;0;0
59.9353614;5.838;0;39;6.36328125;0;52.65625;664;35.64453125;71.53125;11.375;100;814;0;776;0;0
60.0655123;5.838;0;39;6.359375;0;52.65625;664;35.64453125;71.53125;11.375;100;814;0;776;0;0
60.1754965;5.838;0;39;6.359375;0;52.65625;662;35.64453125;71.53125;11.375;100;814;0;776;0;0
60.3254885;5.838;0;39;6.36328125;0;52.65625;663;35.64453125;71.53125;11.375;100;814;0;776;0;0
60.485524;5.838;0;39;6.36328125;0;52.65625;663;35.64453125;71.53125;11.375;100;814;0;776;0;0
60.6253135;5.838;0;39;6.3671875;0;52.65625;663;35.64453125;71.53125;11.375;100;814;0;776;0;0
60.7554991;5.838;0;39;6.3671875;0;52.65625;663;35.64453125;71.53125;11.375;100;814;0;775;0;0
60.8954827;5.838;0;39;6.3671875;0;52.65625;663;35.64453125;71.53125;11.375;100;817;0;775;0;0
61.0254224;5.838;0;39;6.36328125;0;52.78125;663;35.64453125;71.53125;11.375;100;817;0;775;0;0
61.1653225;5.838;0;39;6.36328125;0;52.78125;663;35.693359375;71.53125;11.375;100;817;0;775;0;0
61.2953144;5.838;0;39;6.36328125;0;52.78125;663;35.693359375;71.53125;11.375;100;817;0;775;0;0
61.4353169;5.838;0;39;6.3671875;0;52.78125;663;35.693359375;71.53125;11.375;100;817;0;775;0;0
61.565349;5.838;0;39;6.3671875;0;52.78125;663;35.693359375;71.53125;11.375;100;817;0;775;0;0
61.6954824;5.838;0;40;6.375;0;52.78125;663;35.693359375;71.53125;11.375;100;817;0;775;0;0
61.8454988;5.838;0;40;6.375;0;52.78125;663;35.693359375;71.53125;11.375;100;817;0;775;0;0
61.9954963;5.838;0;40;6.3671875;0;52.78125;664;35.693359375;71.53125;11.375;100;817;0;775;0;0
62.155507;5.838;0;40;6.36328125;0;52.78125;663;35.693359375;71.53125;11.375;100;817;0;775;0;0
62.29531;5.838;0;40;6.37109375;0;52.78125;664;35.693359375;71.53125;11.375;100;817;0;775;0;0
62.4254949;5.838;0;40;6.29296875;0;52.78125;664;35.693359375;71.53125;11.375;100;817;0;775;0;0
62.5355085;5.838;0;40;6.29296875;0;52.78125;599;35.693359375;71.53125;11.375;100;817;0;775;0;0
62.6853259;5.838;0;40;5.484375;0;52.78125;514;35.693359375;71.53125;11.375;100;817;0;775;0;0
62.8353234;5.838;0;40;4.58203125;0;52.78125;406;35.693359375;71.53125;11.375;100;817;0;775;0;0
62.9654932;5.838;0;40;3.28125;0;52.78125;406;35.693359375;71.53125;11.375;100;817;0;272;0;0
63.1053517;5.838;0;40;3.28125;0;52.78125;304;35.693359375;71.53125;11.375;100;817;0;272;0;0
63.2355245;5.838;0;40;2.79296875;0;32.28125;304;35.693359375;71.53125;11.375;100;237;0;272;0;0
63.3753101;5.838;0;40;2.79296875;0;32.28125;274;14.9169921875;71.53125;11.375;100;237;0;272;0;0
63.505426;5.838;0;40;2.6015625;0;32.28125;273;14.9169921875;71.53125;11.375;100;237;0;272;0;0
63.6453111;5.838;0;40;2.58984375;0;32.28125;273;14.9169921875;71.53125;11.375;100;237;0;272;0;0
63.7753136;5.838;0;40;2.58984375;0;32.28125;267;14.9169921875;71.53125;3;100;237;0;272;0;0
63.9054273;5.838;0;40;2.5625;0;32.28125;267;14.9169921875;71.75;3;100;237;0;272;0;0
64.0553715;5.838;0;40;2.5625;0;32.28125;265;14.9169921875;71.75;3;100;237;0;272;0;0
64.2054992;5.838;0;40;2.5546875;0;32.28125;267;14.9169921875;71.75;3;100;237;0;272;0;0
64.3555011;5.838;0;40;2.5546875;0;32.28125;264;14.9169921875;71.75;3;100;237;0;272;0;0
64.5154826;5.838;0;40;2.5546875;0;32.28125;266;14.9169921875;71.75;3;100;237;0;272;0;0
64.6554515;5.838;0;40;2.55078125;0;32.28125;265;14.9169921875;71.75;3;100;237;0;272;0;0
64.785496;5.838;0;40;2.54296875;0;32.28125;265;14.9169921875;71.75;3;100;237;0;272;0;0
64.8955049;5.838;0;40;2.54296875;0;32.28125;265;14.9169921875;71.75;3;100;237;0;272;0;0
65.0354323;5.838;0;40;2.55078125;0;32.28125;266;14.9169921875;71.75;3;100;237;0;272;0;0
65.1655304;5.838;0;40;2.54296875;0;32.28125;266;14.9169921875;71.75;3;100;237;0;207;0;0
65.3053174;5.838;0;40;2.54296875;0;32.28125;266;14.9169921875;71.75;3;100;237;0;207;0;0
65.4354016;5.838;0;40;2.54296875;0;32.40625;266;14.9169921875;71.75;3;100;214;0;207;0;0
65.5653114;5.838;0;40;2.54296875;0;32.40625;264;14.2822265625;71.75;3;100;214;0;207;0;0
65.7054817;5.838;0;40;2.55078125;0;32.40625;266;14.2822265625;71.75;3;100;214;0;207;0;0
65.8355166;5.838;0;40;2.55078125;0;32.40625;266;14.2822265625;71.75;3;100;214;0;207;0;0
65.9654903;5.838;0;40;2.55078125;0;32.40625;273;14.2822265625;71.75;3;100;214;0;207;0;0
66.1055173;5.838;0;40;2.8046875;0;32.40625;273;14.2822265625;71.75;3;100;214;0;207;0;0
66.2555046;5.838;0;40;2.8046875;0;32.40625;325;14.2822265625;71.75;3;100;214;0;207;0;0
66.4193775;5.838;0;40;3.2421875;0;32.40625;360;14.2822265625;71.75;3;100;214;0;207;0;0
66.5699894;5.838;0;40;3.60546875;0;32.40625;399;14.2822265625;71.75;3;100;214;0;207;0;0
66.7265116;5.838;0;40;3.98828125;0;32.40625;444;14.2822265625;71.75;3;100;214;0;207;0;0
66.8792292;5.838;0;40;4.421875;0;32.40625;491;14.2822265625;71.75;3;100;214;0;207;0;0
67.0134579;5.838;0;40;4.8984375;0;32.40625;543;14.2822265625;71.75;3;100;214;0;207;0;0
67.1534666;5.838;0;40;5.421875;0;32.40625;543;14.2822265625;71.75;3;100;214;0;207;0;0
67.2836489;5.838;0;40;5.421875;0;32.40625;595;14.2822265625;71.75;3;100;214;0;207;0;0
67.423677;5.838;0;40;5.87109375;0;32.40625;595;14.2822265625;71.75;3;100;214;0;756;0;0
67.5508777;5.838;0;40;5.87109375;0;32.40625;638;14.2822265625;71.75;3;100;825;0;756;0;0
67.6909035;5.838;0;40;6.23046875;0;54.46875;638;14.2822265625;71.75;3;100;825;0;756;0;0
67.8208612;5.838;0;40;6.23046875;0;54.46875;672;35.7177734375;71.75;3;100;825;0;756;0;0
67.9606847;5.838;0;40;6.52734375;0;54.46875;672;35.7177734375;71.75;3;100;825;0;756;0;0
68.0908793;5.838;0;40;6.52734375;0;54.46875;690;35.7177734375;71.75;12.15625;100;825;0;756;0;0
68.2307732;5.838;0;40;6.703125;0;54.46875;690;35.7177734375;71.5;12.15625;100;825;0;756;0;0
68.3608114;5.838;0;40;6.703125;0;54.46875;690;35.7177734375;71.5;12.15625;100;825;0;756;0;0
68.5008774;5.838;0;40;6.8828125;0;54.46875;711;35.7177734375;71.5;12.15625;100;825;0;756;0;0
68.6108882;5.838;0;40;6.8828125;0;54.46875;719;35.7177734375;71.5;12.15625;100;825;0;756;0;0
68.7708927;5.838;0;40;6.93359375;0;54.46875;726;35.7177734375;71.5;12.15625;100;825;0;756;0;0
68.9308701;5.838;0;40;6.98046875;0;54.46875;731;35.7177734375;71.5;12.15625;100;825;0;756;0;0
69.0808592;5.838;0;40;7.04296875;0;54.46875;737;35.7177734375;71.5;12.15625;100;825;0;756;0;0
69.2308531;5.838;0;40;7.09375;0;54.46875;740;35.7177734375;71.5;12.15625;100;825;0;756;0;0
69.3708089;5.838;0;40;7.125;0;54.46875;743;35.7177734375;71.5;12.15625;100;825;0;756;0;0
69.5006827;5.838;0;40;7.16015625;0;54.46875;743;35.7177734375;71.5;12.15625;100;825;0;894;0;0
69.6508508;5.838;0;40;7.16015625;0;54.46875;743;35.7177734375;71.5;12.15625;100;825;0;894;0;0
69.7907192;5.838;0;40;7.16015625;0;54.46875;752;35.7177734375;71.5;12.15625;100;945;0;894;0;0
69.9208737;5.838;0;40;7.23046875;0;54.40625;752;40.6494140625;71.5;12.15625;100;945;0;894;0;0
70.0506833;5.838;0;40;7.23046875;0;54.40625;756;40.6494140625;71.5;12.15625;100;945;0;894;0;0
70.1853985;5.838;0;40;7.28125;0;54.40625;756;40.6494140625;71.5;13.3125;100;945;0;894;0;0
70.3236068;5.838;0;40;7.28125;0;54.40625;760;40.6494140625;71.5;13.3125;100;945;0;894;0;0
70.4535188;5.838;0;40;7.3046875;0;54.40625;760;40.6494140625;71.46875;13.3125;100;945;0;894;0;0
70.5936034;5.838;0;40;7.3046875;0;54.40625;763;40.6494140625;71.46875;13.3125;100;945;0;894;0;0
70.7268373;5.838;0;40;7.33984375;0;54.40625;765;40.6494140625;71.46875;13.3125;100;945;0;894;0;0
70.8668085;5.838;0;40;7.34765625;0;54.40625;765;40.6494140625;71.46875;13.3125;100;945;0;894;0;0
70.9769994;5.838;0;40;7.34765625;0;54.40625;767;40.6494140625;71.46875;13.3125;100;945;0;894;0;0
71.1270023;5.838;0;40;7.36328125;0;54.40625;768;40.6494140625;71.46875;13.3125;100;945;0;894;0;0
71.2869875;5.838;0;40;7.37109375;0;54.40625;769;40.6494140625;71.46875;13.3125;100;945;0;894;0;0
71.4470156;5.838;0;40;7.38671875;0;54.40625;769;40.6494140625;71.46875;13.3125;100;945;0;894;0;0
71.5968049;5.838;0;40;7.390625;0;54.40625;772;40.6494140625;71.46875;13.3125;100;945;0;894;0;0
71.7334142;5.838;0;40;7.3984375;0;54.40625;772;40.6494140625;71.46875;13.3125;100;945;0;918;0;0
71.8634269;5.838;0;40;7.3984375;0;54.40625;772;40.6494140625;71.46875;13.3125;100;968;0;918;0;0
72.0033236;5.838;0;40;7.3984375;0;54.40625;773;40.6494140625;71.46875;13.3125;100;968;0;918;0;0
72.1334191;5.838;0;40;7.42578125;0;54.40625;773;41.7236328125;71.46875;13.3125;100;968;0;918;0;0
72.2734049;5.838;0;40;7.42578125;0;54.40625;773;41.7236328125;71.46875;13.3125;100;968;0;918;0;0
72.4032188;5.838;0;40;7.42578125;0;54.40625;774;41.7236328125;71.46875;13.5625;100;968;0;918;0;0
72.5333369;5.838;0;40;7.4453125;0;54.40625;774;41.7236328125;71.4375;13.5625;100;968;0;918;0;0
72.6734197;5.838;0;40;7.4453125;0;54.40625;775;41.7236328125;71.4375;13.5625;100;968;0;918;0;0
72.8334026;5.838;0;40;7.453125;0;54.40625;777;41.7236328125;71.4375;13.5625;100;968;0;918;0;0
72.9934151;5.838;0;40;7.453125;0;54.40625;777;41.7236328125;71.4375;13.5625;100;968;0;918;0;0
73.1332182;5.838;0;40;7.45703125;0;54.40625;777;41.7236328125;71.4375;13.5625;100;968;0;918;0;0
73.2634052;5.838;0;40;7.46875;0;54.40625;777;41.7236328125;71.4375;13.5625;100;968;0;918;0;0
73.3734076;5.838;0;40;7.46875;0;54.40625;777;41.7236328125;71.4375;13.5625;100;968;0;918;0;0
73.5334168;5.838;0;40;7.46484375;0;54.40625;778;41.7236328125;71.4375;13.5625;100;968;0;918;0;0
73.6732738;5.838;0;40;7.46484375;0;54.40625;778;41.7236328125;71.4375;13.5625;100;968;0;918;0;0
73.803408;5.838;0;40;7.46875;0;54.40625;778;41.7236328125;71.4375;13.5625;100;968;0;924;0;0
73.9434218;5.838;0;40;7.46875;0;54.40625;778;41.7236328125;71.4375;13.5625;100;974;0;924;0;0
74.0732208;5.838;0;40;7.46875;0;54.40625;778;41.9189453125;71.4375;13.5625;100;974;0;924;0;0
74.2134155;5.838;0;40;7.48046875;0;54.40625;779;41.9189453125;71.4375;13.5625;100;974;0;924;0;0
74.3433254;5.838;0;40;7.4765625;0;54.40625;778;41.9189453125;71.4375;13.5625;100;974;0;924;0;0
74.4833246;5.838;0;40;7.46875;0;54.40625;778;41.9189453125;71.4375;13.5625;100;974;0;924;0;0
74.6132228;5.838;0;40;7.46875;0;54.40625;779;41.9189453125;71.4375;13.65625;100;974;0;924;0;0
74.7533793;5.838;0;41;7.484375;0;54.40625;779;41.9189453125;71.4375;13.65625;100;974;0;924;0;0
74.9004885;5.838;0;41;7.484375;0;54.40625;780;41.9189453125;71.4375;13.65625;100;974;0;924;0;0
75.054473;5.838;0;41;7.48046875;0;54.40625;780;41.9189453125;71.4375;13.65625;100;974;0;924;0;0
75.200086;5.838;0;41;7.4765625;0;54.40625;781;41.9189453125;71.4375;13.65625;100;974;0;924;0;0
75.3394212;5.838;0;41;7.48046875;0;54.40625;780;41.9189453125;71.4375;13.65625;100;974;0;924;0;0
75.4892688;5.838;0;41;7.484375;0;54.40625;781;41.9189453125;71.4375;13.65625;100;974;0;924;0;0
75.6194135;5.838;0;41;7.5;0;54.40625;781;41.9189453125;71.4375;13.65625;100;974;0;924;0;0
75.7394119;5.838;0;41;7.5;0;54.40625;780;41.9189453125;71.4375;13.65625;100;974;0;924;0;0
75.8792292;5.838;0;41;7.4921875;0;54.40625;781;41.9189453125;71.4375;13.65625;100;974;0;924;0;0
76.009421;5.838;0;41;7.49609375;0;54.40625;781;41.9189453125;71.4375;13.65625;100;974;0;929;0;0
76.1521006;5.838;0;41;7.49609375;0;54.40625;781;41.9189453125;71.4375;13.65625;100;976;0;929;0;0
76.285128;5.838;0;41;7.49609375;0;54.4375;781;41.9189453125;71.4375;13.65625;100;976;0;929;0;0
76.4154;5.838;0;41;7.49609375;0;54.4375;781;42.041015625;71.4375;13.65625;100;976;0;929;0;0
76.5453532;5.838;0;41;7.5;0;54.4375;781;42.041015625;71.4375;13.6875;100;976;0;929;0;0
76.6754082;5.838;0;41;7.5;0;54.4375;781;42.041015625;71.4375;13.6875;100;976;0;929;0;0
76.8155023;5.838;0;41;7.5;0;54.4375;781;42.041015625;71.4375;13.6875;100;976;0;929;0;0
76.9454917;5.838;0;41;7.5;0;54.4375;781;42.041015625;71.4375;13.6875;100;976;0;929;0;0
77.115517;5.838;0;41;7.5078125;0;54.4375;782;42.041015625;71.4375;13.6875;100;976;0;929;0;0
77.2755306;5.838;0;41;7.50390625;0;54.4375;782;42.041015625;71.4375;13.6875;100;976;0;929;0;0
77.4355048;5.838;0;41;7.51171875;0;54.4375;782;42.041015625;71.4375;13.6875;100;976;0;929;0;0
77.5954906;5.838;0;41;7.5;0;54.4375;782;42.041015625;71.4375;13.6875;100;976;0;929;0;0
77.7454819;5.838;0;41;7.49609375;0;54.4375;782;42.041015625;71.4375;13.6875;100;976;0;929;0;0
77.8953747;5.838;0;41;7.50390625;0;54.4375;782;42.041015625;71.4375;13.6875;100;976;0;929;0;0
78.0255081;5.838;0;41;7.5078125;0;54.4375;782;42.041015625;71.4375;13.6875;100;976;0;929;0;0
78.1655212;5.838;0;41;7.5078125;0;54.4375;782;42.041015625;71.4375;13.6875;100;976;0;929;0;0
78.2955142;5.838;0;41;7.51171875;0;54.4375;782;42.041015625;71.4375;13.6875;100;977;0;929;0;0
78.4253202;5.838;0;41;7.51171875;0;54.375;782;42.041015625;71.4375;13.6875;100;977;0;929;0;0
79.1011813;5.838;0;41;7.51171875;0;54.375;782;42.138671875;71.4375;13.6875;100;977;0;929;0;0
79.2681197;5.838;0;41;7.50390625;0;54.375;782;42.138671875;71.4375;13.6875;100;977;0;929;0;0
79.4248436;5.838;0;41;7.50390625;0;54.375;782;42.138671875;71.4375;13.6875;100;977;0;929;0;0
79.6950338;5.838;0;41;7.51171875;0;54.375;782;42.138671875;71.4375;13.6875;100;977;0;929;0;0
79.8398708;5.838;0;41;7.51171875;0;54.375;783;42.138671875;71.40625;13.6875;100;977;0;929;0;0
79.9881952;5.838;0;41;7.51171875;0;54.375;783;42.138671875;71.40625;13.6875;100;977;0;929;0;0
80.1324783;5.838;0;41;7.51953125;0;54.375;782;42.138671875;71.40625;13.6875;100;977;0;929;0;0
80.3154976;5.838;0;41;7.67578125;0;54.375;795;42.138671875;71.40625;13.6875;100;977;0;929;0;0
80.4990183;5.838;0;41;7.82421875;0;54.375;811;42.138671875;71.40625;13.6875;100;977;0;929;0;0
80.7062296;5.838;0;41;7.96484375;0;54.375;826;42.138671875;71.40625;13.6875;100;977;0;929;0;0
80.8790265;5.838;0;41;7.96484375;0;54.375;840;42.138671875;71.40625;13.6875;100;977;0;929;0;0
81.0315453;5.838;0;41;8.140625;0;54.375;840;42.138671875;71.40625;13.6875;100;977;0;929;0;0
81.1776809;5.838;0;41;8.140625;0;54.375;855;42.138671875;71.40625;13.6875;100;977;0;1042;0;0
81.3275985;5.838;0;41;8.29296875;0;54.375;855;42.138671875;71.40625;13.6875;100;977;0;1042;0;0
81.4702055;5.838;0;41;8.29296875;0;56.125;875;42.138671875;71.40625;13.6875;100;1106;0;1042;0;0
81.6253252;5.838;0;41;8.46484375;0;56.125;885;47.2900390625;71.40625;13.6875;100;1106;0;1042;0;0
81.7819484;5.838;0;41;8.54296875;0;56.125;893;47.2900390625;71.40625;13.6875;100;1106;0;1042;0;0
81.9282831;5.838;0;41;8.609375;0;56.125;893;47.2900390625;71.40625;15.875;100;1106;0;1042;0;0
82.0684917;5.838;0;41;8.609375;0;56.125;893;47.2900390625;71.34375;15.875;100;1106;0;1042;0;0
82.7172519;5.838;0;41;8.609375;0;56.125;909;47.2900390625;71.34375;15.875;100;1106;0;1042;0;0
82.89044;5.838;0;41;9.0234375;0;56.125;909;47.2900390625;71.34375;15.875;100;1106;0;1042;0;0
83.0914325;5.838;0;41;9.078125;0;56.125;938;47.2900390625;71.34375;15.875;100;1106;0;1042;0;0
83.2814656;5.838;0;41;9.14453125;0;56.125;948;47.2900390625;71.34375;15.875;100;1106;0;1042;0;0
83.482503;5.838;0;41;9.21875;0;56.125;958;47.2900390625;71.34375;15.875;100;1106;0;1042;0;0
83.6974038;5.838;0;41;9.2890625;0;56.125;966;47.2900390625;71.34375;15.875;100;1106;0;1042;0;0
83.8719602;5.838;0;41;9.2890625;0;56.125;975;47.2900390625;71.34375;15.875;100;1106;0;1042;0;0
84.0515844;5.838;0;41;9.4140625;0;56.125;975;47.2900390625;71.34375;15.875;100;1106;0;1042;0;0
84.2130519;5.838;0;41;9.4140625;0;56.125;987;47.2900390625;71.34375;15.875;100;1106;0;1173;0;0
84.3875292;5.838;0;41;9.515625;0;56.125;987;47.2900390625;71.34375;15.875;100;1244;0;1173;0;0
84.5447785;5.838;0;41;9.515625;0;56.0625;998;47.2900390625;71.34375;15.875;100;1244;0;1173;0;0
84.7334401;5.838;0;41;9.6328125;0;56.0625;1005;53.80859375;71.34375;15.875;100;1244;0;1173;0;0
84.897957;5.838;0;41;9.6875;0;56.0625;1011;53.80859375;71.34375;15.875;100;1244;0;1173;0;0
85.0671818;5.838;0;41;9.73828125;0;56.0625;1011;53.80859375;71.34375;17.6875;100;1244;0;1173;0;0
85.2287792;5.838;0;41;9.73828125;0;56.0625;1011;53.80859375;71.3125;17.6875;100;1244;0;1173;0;0
85.379308;5.838;0;42;9.73828125;0;56.0625;1024;53.80859375;71.3125;17.6875;100;1244;0;1173;0;0
85.5509371;5.838;0;42;9.8984375;0;56.0625;1024;53.80859375;71.3125;17.6875;100;1244;0;1173;0;0
85.7475102;5.838;0;42;9.9765625;0;56.0625;1034;53.80859375;71.3125;17.6875;100;1244;0;1173;0;0
85.9421381;5.838;0;42;10.03125;0;56.0625;1041;53.80859375;71.3125;17.6875;100;1244;0;1173;0;0
86.1504234;5.838;0;42;10.10546875;0;56.0625;1048;53.80859375;71.3125;17.6875;100;1244;0;1173;0;0
86.3533458;5.838;0;42;10.18359375;0;56.0625;1056;53.80859375;71.3125;17.6875;100;1244;0;1173;0;0
86.5287501;5.838;0;42;10.18359375;0;56.0625;1063;53.80859375;71.3125;17.6875;100;1244;0;1173;0;0
86.6922229;5.838;0;42;10.29296875;0;56.0625;1063;53.80859375;71.3125;17.6875;100;1244;0;1264;0;0
86.8435971;5.838;0;42;10.29296875;0;56.0625;1081;53.80859375;71.3125;17.6875;100;1244;0;1264;0;0
87.0237541;5.838;0;42;10.41796875;0;56.09375;1081;53.80859375;71.3125;17.6875;100;1337;0;1264;0;0
87.1929982;5.838;0;42;10.41796875;0;56.09375;1093;58.8134765625;71.3125;17.6875;100;1337;0;1264;0;0
87.3664015;5.838;0;42;10.55859375;0;56.09375;1095;58.8134765625;71.3125;17.6875;100;1337;0;1264;0;0
87.5346271;5.838;0;42;10.55859375;0;56.09375;1107;58.8134765625;71.3125;19.09375;100;1337;0;1264;0;0
87.7098067;5.838;0;42;10.6875;0;56.09375;1107;58.8134765625;71.3125;19.09375;100;1337;0;1264;0;0
87.8583178;5.838;0;42;10.6875;0;56.09375;1121;58.8134765625;71.25;19.09375;100;1337;0;1264;0;0
88.0401603;5.838;0;42;10.8046875;0;56.09375;1121;58.8134765625;71.25;19.09375;100;1337;0;1264;0;0
88.1996068;5.838;0;42;10.8046875;0;56.09375;1134;58.8134765625;71.25;19.09375;100;1337;0;1264;0;0
88.4043417;5.838;0;42;10.9140625;0;56.09375;1144;58.8134765625;71.25;19.09375;100;1337;0;1264;0;0
88.6267653;5.838;0;42;11;0;56.09375;1154;58.8134765625;71.25;19.09375;100;1337;0;1264;0;0
88.8175616;5.838;0;42;11.09765625;0;56.09375;1163;58.8134765625;71.25;19.09375;100;1337;0;1264;0;0
89.016958;5.838;0;42;11.18359375;0;56.09375;1173;58.8134765625;71.25;19.09375;100;1337;0;1264;0;0
89.1924614;5.838;0;42;11.3203125;0;56.09375;1173;58.8134765625;71.25;19.09375;100;1337;0;1264;0;0
89.3475297;5.838;0;42;11.3203125;0;56.09375;1189;58.8134765625;71.25;19.09375;100;1337;0;1264;0;0
89.526511;5.838;0;42;11.50390625;0;56.09375;1189;58.8134765625;71.25;19.09375;100;1337;0;1384;0;0
89.6909232;5.838;0;42;11.50390625;0;56.09375;1209;58.8134765625;71.25;19.09375;100;1472;0;1384;0;0
89.8647506;5.838;0;42;11.68359375;0;56.15625;1209;65.6005859375;71.25;19.09375;100;1472;0;1384;0;0
90.0329839;5.838;0;42;11.68359375;0;56.15625;1228;65.6005859375;71.25;19.09375;100;1472;0;1384;0;0
90.2045689;5.838;0;42;11.875;0;56.15625;1228;65.6005859375;71.25;21.125;100;1472;0;1384;0;0
90.362339;5.838;0;42;11.875;0;56.15625;1249;65.6005859375;71.25;21.125;100;1472;0;1384;0;0
90.5323498;5.838;0;42;12.07421875;0;56.15625;1249;65.6005859375;71.25;21.125;100;1472;0;1384;0;0
90.6884482;5.838;0;42;12.07421875;0;56.15625;1249;65.6005859375;71.1875;21.125;100;1472;0;1384;0;0
90.856284;5.838;0;42;12.30859375;0;56.15625;1274;65.6005859375;71.1875;21.125;100;1472;0;1384;0;0
91.0595995;5.838;0;42;12.43359375;0;56.15625;1292;65.6005859375;71.1875;21.125;100;1472;0;1384;0;0
91.2824338;5.838;0;42;12.6015625;0;56.15625;1308;65.6005859375;71.1875;21.125;100;1472;0;1384;0;0
91.4618195;5.838;0;42;12.6015625;0;56.15625;1326;65.6005859375;71.1875;21.125;100;1472;0;1384;0;0
91.6640998;5.838;0;42;12.765625;0;56.15625;1326;65.6005859375;71.1875;21.125;100;1472;0;1384;0;0
91.891313;5.838;0;42;12.765625;0;56.15625;1355;65.6005859375;71.1875;21.125;100;1472;0;1384;0;0
92.6380016;5.838;0;42;13.09375;0;56.15625;1355;65.6005859375;71.1875;21.125;100;1472;0;1611;0;0
92.8396356;5.838;0;42;13.09375;0;56.15625;1457;65.6005859375;71.1875;21.125;100;1472;0;1611;0;0
93.314168;5.838;0;42;14.1015625;0;56.15625;1457;65.6005859375;71.1875;21.125;100;1778;0;1611;0;0
93.4832863;5.838;0;42;14.1015625;0;56.09375;1548;65.6005859375;71.1875;21.125;100;1778;0;1611;0;0
93.6846221;5.838;0;42;15.07421875;0;56.09375;1548;84.8876953125;71.1875;21.125;100;1778;0;1611;0;0
93.8683058;5.838;0;42;15.07421875;0;56.09375;1605;84.8876953125;71.1875;21.125;100;1778;0;1611;0;0
94.0703669;5.838;0;42;15.66015625;0;56.09375;1605;84.8876953125;71.1875;26.59375;100;1778;0;1611;0;0
94.2826052;5.838;0;42;15.66015625;0;56.09375;1677;84.8876953125;71.1875;26.59375;100;1778;0;1611;0;0
94.4876562;5.838;0;42;16.37109375;0;56.09375;1677;84.8876953125;71.03125;26.59375;100;1778;0;1611;0;0
94.671969;5.838;0;42;16.37109375;0;56.09375;1677;84.8876953125;71.03125;26.59375;100;1778;0;1611;0;0
94.8441929;5.838;0;42;17.11328125;0;56.09375;1759;84.8876953125;71.03125;26.59375;100;1778;0;1611;0;0
95.070973;5.838;0;42;17.4609375;0;56.09375;1810;84.8876953125;71.03125;26.59375;100;1778;0;1611;0;0
95.296919;5.838;0;42;17.4609375;0;56.09375;1845;84.8876953125;71.03125;26.59375;100;1778;0;1611;0;0
95.508126;5.838;0;42;17.76953125;0;56.09375;1871;84.8876953125;71.03125;26.59375;100;1778;0;1611;0;0
95.7083057;5.838;0;42;18.0390625;0;56.09375;1871;84.8876953125;71.03125;26.59375;100;1778;0;1611;0;0
95.885665;5.838;0;42;18.4453125;0;56.09375;1904;84.8876953125;71.03125;26.59375;100;1778;0;1931;0;0
96.087761;5.838;0;42;18.4453125;0;56.09375;1904;84.8876953125;71.03125;26.59375;100;1778;0;1931;0;0
96.2769407;5.838;0;42;18.4453125;0;56.09375;1975;84.8876953125;71.03125;26.59375;100;2073;0;1931;0;0
96.4880986;5.838;0;42;19.203125;0;56.96875;1975;107.9833984375;71.03125;26.59375;100;2073;0;1931;0;0
96.6905597;5.838;0;42;19.55078125;0;56.96875;2012;107.9833984375;71.03125;26.59375;100;2073;0;1931;0;0
96.9079326;5.838;0;42;19.55078125;0;56.96875;2064;107.9833984375;71.03125;30.03125;100;2073;0;1931;0;0
97.1221803;5.838;0;42;19.9453125;0;56.96875;2064;107.9833984375;70.90625;30.03125;100;2073;0;1931;0;0
97.2954132;5.838;0;42;19.9453125;0;56.96875;2064;107.9833984375;70.90625;30.03125;100;2073;0;1931;0;0
97.4727152;5.838;0;42;20.78125;0;56.96875;2142;107.9833984375;70.90625;30.03125;100;2073;0;1931;0;0
97.7052702;5.838;0;42;21.1796875;0;56.96875;2197;107.9833984375;70.90625;30.03125;100;2073;0;1931;0;0
97.9397317;5.838;0;42;21.6171875;0;56.96875;2241;107.9833984375;70.90625;30.03125;100;2073;0;1931;0;0
98.1509019;5.838;0;42;22.03125;0;56.96875;2284;107.9833984375;70.90625;30.03125;100;2073;0;1931;0;0
98.3674328;5.838;0;42;22.03125;0;56.96875;2332;107.9833984375;70.90625;30.03125;100;2073;0;1931;0;0
98.5762953;5.838;0;42;22.5703125;0;56.96875;2332;107.9833984375;70.90625;30.03125;100;2073;0;1931;0;0
98.7506789;5.838;0;42;22.5703125;0;56.96875;2418;107.9833984375;70.90625;30.03125;100;2073;0;2265;0;0
98.9671011;5.838;0;42;23.69921875;0;56.96875;2418;107.9833984375;70.90625;30.03125;100;2416;0;2265;0;0
99.1409653;5.838;0;42;23.69921875;0;57;2521;107.9833984375;70.90625;30.03125;100;2416;0;2265;0;0
99.3687631;5.838;0;42;24.65234375;0;57;2580;136.328125;70.90625;30.03125;100;2416;0;2265;0;0
99.5655743;5.838;0;42;25.1484375;0;57;2580;136.328125;70.90625;35.5;100;2416;0;2265;0;0
99.7768354;5.838;0;42;25.1484375;0;57;2661;136.328125;70.90625;35.5;100;2416;0;2265;0;0
99.9797968;5.838;0;42;25.7578125;0;57;2661;136.328125;70.78125;35.5;100;2416;0;2265;0;0
100.1515732;5.838;0;43;25.7578125;0;57;2661;136.328125;70.78125;35.5;100;2416;0;2265;0;0
100.3627281;5.838;0;43;23.87109375;0;57;2583;136.328125;70.78125;35.5;100;2416;0;2265;0;0
100.5794199;5.838;0;43;21.5703125;0;57;2395;136.328125;70.78125;35.5;100;2416;0;2265;0;0
100.7697855;5.838;0;43;18.984375;0;57;2146;136.328125;70.78125;35.5;100;2416;0;2265;0;0
100.999275;5.838;0;43;18.984375;0;57;1757;136.328125;70.78125;35.5;100;2416;0;2265;0;0
101.2017609;5.838;0;43;15.8828125;0;57;1757;136.328125;70.78125;35.5;100;2416;0;2265;0;0
101.3736526;5.838;0;43;15.8828125;0;57;1294;136.328125;70.78125;35.5;100;2416;0;814;0;0
101.5814693;5.838;0;43;11.28515625;0;57;1294;136.328125;70.78125;35.5;100;2416;0;814;0;0
101.7590007;5.838;0;43;11.28515625;0;32.4375;779;136.328125;70.78125;35.5;100;650;0;814;0;0
101.9612718;5.838;0;43;6.45703125;0;32.4375;779;29.58984375;70.78125;35.5;100;650;0;814;0;0
102.1366133;5.838;0;43;3.73046875;0;32.4375;413;29.58984375;70.78125;35.5;100;650;0;814;0;0
102.3618613;5.838;0;43;3.53125;0;32.4375;413;29.58984375;70.78125;3.5;100;650;0;814;0;0
102.5715389;5.838;0;43;3.53125;0;32.4375;413;29.58984375;70.78125;3.5;100;650;0;814;0;0
102.7429912;5.838;0;42;3.53125;0;32.4375;283;29.58984375;71.53125;3.5;100;650;0;814;0;0
102.9581947;5.838;0;42;2.703125;0;32.4375;283;29.58984375;71.53125;3.5;100;650;0;814;0;0
103.16366;5.838;0;42;2.65625;0;32.4375;278;29.58984375;71.53125;3.5;100;650;0;814;0;0
103.4031149;5.838;0;42;2.65234375;0;32.4375;276;29.58984375;71.53125;3.5;100;650;0;814;0;0
103.632363;5.838;0;42;2.66796875;0;32.4375;277;29.58984375;71.53125;3.5;100;650;0;814;0;0
103.8305111;5.838;0;42;2.66796875;0;32.4375;276;29.58984375;71.53125;3.5;100;650;0;814;0;0
104.0395054;5.838;0;42;2.64453125;0;32.4375;276;29.58984375;71.53125;3.5;100;650;0;814;0;0
104.2127292;5.838;0;42;2.64453125;0;32.4375;275;29.58984375;71.53125;3.5;100;650;0;208;0;0
104.4241025;5.838;0;42;2.6484375;0;32.4375;275;29.58984375;71.53125;3.5;100;221;0;208;0;0
104.5996749;5.838;0;42;2.6484375;0;32.25;275;14.9169921875;71.53125;3.5;100;221;0;208;0;0
104.8336411;5.838;0;42;2.65625;0;32.25;276;14.9169921875;71.53125;3.5;100;221;0;208;0;0
105.0378629;5.838;0;42;2.640625;0;32.25;276;14.9169921875;71.53125;3.5;100;221;0;208;0;0
105.239863;5.838;0;42;2.6484375;0;32.25;276;14.9169921875;71.53125;3.0625;100;221;0;208;0;0
105.4577151;5.838;0;42;2.6484375;0;32.25;276;14.9169921875;71.53125;3.0625;100;221;0;208;0;0
105.663994;5.838;0;42;2.640625;0;32.25;276;14.9169921875;71.59375;3.0625;100;221;0;208;0;0
105.8491605;5.838;0;42;2.640625;0;32.25;275;14.9169921875;71.59375;3.0625;100;221;0;208;0;0
106.0886647;5.838;0;42;2.640625;0;32.25;277;14.9169921875;71.59375;3.0625;100;221;0;208;0;0
106.3078048;5.838;0;42;2.64453125;0;32.25;277;14.9169921875;71.59375;3.0625;100;221;0;208;0;0
106.4853865;5.838;0;42;2.64453125;0;32.25;275;14.9169921875;71.59375;3.0625;100;221;0;208;0;0
106.7355325;5.838;0;42;2.640625;0;32.25;276;14.9169921875;71.59375;3.0625;100;221;0;208;0;0
106.954192;5.838;0;42;2.640625;0;32.25;275;14.9169921875;71.59375;3.0625;100;221;0;208;0;0
107.1689061;5.838;0;42;2.6484375;0;32.25;275;14.9169921875;71.59375;3.0625;100;221;0;209;0;0
107.3403507;5.838;0;42;2.6484375;0;32.25;275;14.9169921875;71.59375;3.0625;100;220;0;209;0;0
107.5434569;5.838;0;42;2.6484375;0;32.34375;275;14.8193359375;71.59375;3.0625;100;220;0;209;0;0
107.7423559;5.838;0;42;2.63671875;0;32.34375;275;14.8193359375;71.59375;3.0625;100;220;0;209;0;0
107.9343571;5.838;0;42;2.64453125;0;32.34375;275;14.8193359375;71.59375;3.0625;100;220;0;209;0;0
108.1216169;5.838;0;42;2.64453125;0;32.34375;275;14.8193359375;71.59375;3.0625;100;220;0;209;0;0
108.3275205;5.838;0;42;2.64453125;0;32.34375;275;14.8193359375;71.59375;3.0625;100;220;0;209;0;0
108.5046733;5.838;0;42;2.63671875;0;32.34375;274;14.8193359375;71.59375;3.0625;100;220;0;209;0;0
108.735782;5.838;0;42;2.64453125;0;32.34375;275;14.8193359375;71.59375;3.0625;100;220;0;209;0;0
108.9398188;5.838;0;42;2.64453125;0;32.34375;274;14.8193359375;71.59375;3.0625;100;220;0;209;0;0
109.1437492;5.838;0;42;2.63671875;0;32.34375;274;14.8193359375;71.59375;3.0625;100;220;0;209;0;0
109.3475282;5.838;0;42;2.640625;0;32.34375;274;14.8193359375;71.59375;3.0625;100;220;0;209;0;0
109.5655944;5.838;0;42;2.640625;0;32.34375;274;14.8193359375;71.59375;3.0625;100;220;0;211;0;0
109.7696393;5.838;0;42;2.640625;0;32.34375;274;14.8193359375;71.59375;3.0625;100;220;0;211;0;0
109.947702;5.838;0;42;2.640625;0;32.21875;275;14.8193359375;71.59375;3.0625;100;221;0;211;0;0
110.1590097;5.838;0;42;2.6328125;0;32.21875;275;14.794921875;71.59375;3.0625;100;221;0;211;0;0
110.3382112;5.838;0;42;2.63671875;0;32.21875;274;14.794921875;71.59375;3.0625;100;221;0;211;0;0
110.5766772;5.838;0;42;2.63671875;0;32.21875;275;14.794921875;71.59375;3.0625;100;221;0;211;0;0
110.8088157;5.838;0;42;2.64453125;0;32.21875;275;14.794921875;71.59375;3.0625;100;221;0;211;0;0
110.9861173;5.838;0;41;2.64453125;0;32.21875;274;14.794921875;71.59375;3.0625;100;221;0;211;0;0
111.1917842;5.838;0;41;2.64453125;0;32.21875;274;14.794921875;71.59375;3.0625;100;221;0;211;0;0
111.4163511;5.838;0;41;2.640625;0;32.21875;274;14.794921875;71.59375;3.0625;100;221;0;211;0;0
111.6434111;5.838;0;41;2.63671875;0;32.21875;275;14.794921875;71.59375;3.0625;100;221;0;211;0;0
111.8563551;5.838;0;41;2.63671875;0;32.21875;274;14.794921875;71.59375;3.0625;100;221;0;211;0;0
112.0756422;5.838;0;41;2.63671875;0;32.21875;275;14.794921875;71.59375;3.0625;100;221;0;211;0;0
112.2877639;5.838;0;41;2.640625;0;32.21875;275;14.794921875;71.59375;3.0625;100;221;0;211;0;0
112.4645389;5.838;0;41;2.640625;0;32.21875;273;14.794921875;71.59375;3.0625;100;221;0;211;0;0
112.6764556;5.838;0;41;2.63671875;0;32.21875;273;14.794921875;71.59375;3.0625;100;221;0;211;0;0
112.8529392;5.838;0;41;2.63671875;0;32.28125;274;14.794921875;71.59375;3.0625;100;221;0;211;0;0
113.0929419;5.838;0;41;2.6328125;0;32.28125;274;14.794921875;71.59375;3.0625;100;221;0;211;0;0
113.3053378;5.838;0;41;2.6328125;0;32.28125;275;14.794921875;71.59375;3.0625;100;221;0;211;0;0
